{
    "KPlugin": {
        "Authors": [
            {
                "Name": "qewer33"
            }
        ],
        "Name": "ClearClock",
        "Id": "org.kde.plasma.clearclock",
        "Description": "A clean and customizable date/time display for your desktop",
        "Category": "Utilities",
        "Icon": "org.kde.plasma.analogclock",
        "EnabledByDefault": true,
        "License": "GPL-3.0+",
        "ServiceTypes": [
            "Plasma/Applet"
        ],
        "Version": "0.3",
        "Website": "https://github.com/qewer33/ClearClock"
    },
    "X-Plasma-API": "declarativeappletscript",
    "X-Plasma-MainScript": "ui/main.qml"
}
