<?xml version="1.0" encoding="UTF-8"?>
<kcfg xmlns="http://www.kde.org/standards/kcfg/1.0"
      xmlns:xsi="http://www.w3.org/2001/XMLSchema-instance"
      xsi:schemaLocation="http://www.kde.org/standards/kcfg/1.0
      http://www.kde.org/standards/kcfg/1.0/kcfg.xsd" >
    <kcfgfile name=""/>

    <group name="Appearance icon">
        <entry name="icon" type="String">
            <label>Icon</label>
            <default>mini-calendar-widget</default>
        </entry>
        <entry name="bold" type="Bool">
            <default>true</default>
        </entry>
        <entry name="colorDay" type="String">
            <default>#4f4f4f</default>
        </entry>
        <entry name="dayFontSize" type="Int">
            <default>20</default>
        </entry>
        <entry name="dayHorizontalPosition" type="Int">
            <default>1</default>
        </entry>
        <entry name="dayVerticalPosition" type="Int">
            <default>3</default>
        </entry>
        <entry name="colorMonth" type="String">
            <default>#4f4f4f</default>
        </entry>
        <entry name="formatMonth" type="String">
            <default>MMMM</default>
        </entry>
        <entry name="monthFontSize" type="Int">
            <default>9</default>
        </entry>
        <entry name="monthHorizontalPosition" type="Int">
            <default>22</default>
        </entry>
        <entry name="monthVerticalPosition" type="Int">
            <default>27</default>
        </entry>
    </group>
    
</kcfg>
