<?xml version="1.0" encoding="UTF-8"?>
<kcfg xmlns="http://www.kde.org/standards/kcfg/1.0"
      xmlns:xsi="http://www.w3.org/2001/XMLSchema-instance"
      xsi:schemaLocation="http://www.kde.org/standards/kcfg/1.0
      http://www.kde.org/standards/kcfg/1.0/kcfg.xsd" >
    <kcfgfile name=""/>

    <group name="General">
        <entry name="showHidden" type="bool">
            <default>false</default>
        </entry>
        <entry name="showDevices" type="bool">
            <default>true</default>
        </entry>
        <entry name="showTimeline" type="bool">
            <default>true</default>
        </entry>
        <entry name="showSearches" type="bool">
            <default>true</default>
        </entry>
        <entry name="widgetWidth" type="int">
            <default>250</default>
        </entry>
    </group>
    
</kcfg>
